{"cameraMode":{"drawMode":0,"name":"Shaded","section":"Shading Mode"},"sceneLighting":false,"audioPlay":false,"sceneViewState":{"showFog":true,"showMaterialUpdate":false,"showSkybox":true,"showFlares":true,"showImageEffects":true,"showParticleSystems":true,"showVisualEffectGraphs":true,"m_FxEnabled":false},"in2DMode":false,"pivot":{"x":-0.6455686092376709,"y":-3.7316207885742189,"z":2.715632438659668},"rotation":{"x":0.4698829650878906,"y":-0.021186308935284616,"z":0.011281047947704792,"w":0.8824059963226318},"size":5.625797271728516,"orthographic":false}